#! intCodeIdentification, strMotDePasse; lngNoCompte, lngNoTel, strNom, strPrenom, strAdresse, strCodePostal, strVille, strCourriel
122222221,7RbjiGInA1BimfS1yIumTkaYUdHyCXBVKWUOm1qTJElv0HfFEB5tuh3LyXxOcB8KKd274p5RTQ==;122222222223,5149610249,Guelleh,Mohamed Hassan,4522 rue Cloverdale,H8Y2B2,Pierrefonds,
111111111,x4KlW5I0vFgMFp6RhBLH/KtCPGx7lD7AGiHpVkMq73JR6kPvFjdmCIF5iuUPuBLcNceyDAcK;111111111111,1234567890,Test-Nom,Test-Prenom,123 Test-Adresse,A0A0A0,Test-Ville,Test-Courriel@test.com
111110111,x4KlW5I0vFgMFp6RhBLH/KtCPGx7lD7AGiHpVkMq73JR6kPvFjdmCIF5iuUPuBLcNceyDAcK;111111122111,1234567890,Test-Nom,Test-Prenom,123 Test-Adresse,A0A0A0,Test-Ville,Test-Courriel@test.com
111112111,x4KlW5I0vFgMFp6RhBLH/KtCPGx7lD7AGiHpVkMq73JR6kPvFjdmCIF5iuUPuBLcNceyDAcK;111131122111,1234567890,Test-Nom,Test-Prenom,123 Test-Adresse,A0A0A0,Test-Ville,Test-Courriel@test.com
111113111,x4KlW5I0vFgMFp6RhBLH/KtCPGx7lD7AGiHpVkMq73JR6kPvFjdmCIF5iuUPuBLcNceyDAcK;111141122111,1234567890,Test-Nom,Test-Prenom,123 Test-Adresse,A0A0A0,Test-Ville,Test-Courriel@test.com
111114111,x4KlW5I0vFgMFp6RhBLH/KtCPGx7lD7AGiHpVkMq73JR6kPvFjdmCIF5iuUPuBLcNceyDAcK;111151122111,1234567890,Test-Nom,Test-Prenom,123 Test-Adresse,A0A0A0,Test-Ville,Test-Courriel@test.com
111115111,x4KlW5I0vFgMFp6RhBLH/KtCPGx7lD7AGiHpVkMq73JR6kPvFjdmCIF5iuUPuBLcNceyDAcK;111161122111,1234567890,Test-Nom,Test-Prenom,123 Test-Adresse,A0A0A0,Test-Ville,Test-Courriel@test.com
111116111,x4KlW5I0vFgMFp6RhBLH/KtCPGx7lD7AGiHpVkMq73JR6kPvFjdmCIF5iuUPuBLcNceyDAcK;111171122111,1234567890,Test-Nom,Test-Prenom,123 Test-Adresse,A0A0A0,Test-Ville,Test-Courriel@test.com
111117111,x4KlW5I0vFgMFp6RhBLH/KtCPGx7lD7AGiHpVkMq73JR6kPvFjdmCIF5iuUPuBLcNceyDAcK;111181122111,1234567890,Test-Nom,Test-Prenom,123 Test-Adresse,A0A0A0,Test-Ville,Test-Courriel@test.com
111118111,x4KlW5I0vFgMFp6RhBLH/KtCPGx7lD7AGiHpVkMq73JR6kPvFjdmCIF5iuUPuBLcNceyDAcK;111191122111,1234567890,Test-Nom,Test-Prenom,123 Test-Adresse,A0A0A0,Test-Ville,Test-Courriel@test.com
111119111,x4KlW5I0vFgMFp6RhBLH/KtCPGx7lD7AGiHpVkMq73JR6kPvFjdmCIF5iuUPuBLcNceyDAcK;111101122111,1234567890,Test-Nom,Test-Prenom,123 Test-Adresse,A0A0A0,Test-Ville,Test-Courriel@test.com
111110211,x4KlW5I0vFgMFp6RhBLH/KtCPGx7lD7AGiHpVkMq73JR6kPvFjdmCIF5iuUPuBLcNceyDAcK;112111122111,1234567890,Test-Nom,Test-Prenom,123 Test-Adresse,A0A0A0,Test-Ville,Test-Courriel@test.com
111110311,x4KlW5I0vFgMFp6RhBLH/KtCPGx7lD7AGiHpVkMq73JR6kPvFjdmCIF5iuUPuBLcNceyDAcK;113111122111,1234567890,Test-Nom,Test-Prenom,123 Test-Adresse,A0A0A0,Test-Ville,Test-Courriel@test.com
111110411,x4KlW5I0vFgMFp6RhBLH/KtCPGx7lD7AGiHpVkMq73JR6kPvFjdmCIF5iuUPuBLcNceyDAcK;114111122111,1234567890,Test-Nom,Test-Prenom,123 Test-Adresse,A0A0A0,Test-Ville,Test-Courriel@test.com
111110511,x4KlW5I0vFgMFp6RhBLH/KtCPGx7lD7AGiHpVkMq73JR6kPvFjdmCIF5iuUPuBLcNceyDAcK;115111122111,1234567890,Test-Nom,Test-Prenom,123 Test-Adresse,A0A0A0,Test-Ville,Test-Courriel@test.com
111110711,x4KlW5I0vFgMFp6RhBLH/KtCPGx7lD7AGiHpVkMq73JR6kPvFjdmCIF5iuUPuBLcNceyDAcK;117111122111,1234567890,Test-Nom,Test-Prenom,123 Test-Adresse,A0A0A0,Test-Ville,Test-Courriel@test.com
